HIGH	キチガイ
HIGH	消えろ
HIGH	ホモ
HIGH	レズ
HIGH	レズビアン
HIGH	ゲイ
HIGH	バイ
HIGH	オカマ
HIGH	オナベ
HIGH	障害
HIGH	障害児
HIGH	害児
HIGH	ガイジ
HIGH	ヤクザ
HIGH	暴力団
HIGH	テロ
HIGH	殴る
HIGH	虐待
HIGH	傷害
HIGH	武器
HIGH	銃器
HIGH	いじめ
HIGH	イジメ
HIGH	893
HIGH	ヤーさん
HIGH	死ね
HIGH	死ぬ
HIGH	殺す
HIGH	殺傷
HIGH	刺殺
HIGH	他殺
HIGH	殺人
HIGH	殺害
HIGH	自殺
HIGH	タヒ
HIGH	ﾀﾋ
MIDDLE	性器
MIDDLE	女性器
MIDDLE	男性器
MIDDLE	風俗
MIDDLE	性行為
MIDDLE	売春
MIDDLE	買春
MIDDLE	エッチ
MIDDLE	セックス
MIDDLE	SEX
MIDDLE	AV
MIDDLE	胸
MIDDLE	おっぱい
MIDDLE	乳首
MIDDLE	チンコ
MIDDLE	援助交際
MIDDLE	18禁
MIDDLE	ロリコン
MIDDLE	アダルトビデオ
MIDDLE	大人のおもちゃ
MIDDLE	無修正
HIGH	盗撮
MIDDLE	パパ活
MIDDLE	えちえち
MIDDLE	チンチン
MIDDLE	マンマン
MIDDLE	マンコ
HIGH	薬物
HIGH	麻薬
HIGH	大麻
HIGH	覚せい剤
HIGH	覚醒剤
HIGH	コカイン
HIGH	ヘロイン
HIGH	マリファナ
HIGH	MDMA
HIGH	危険ドラッグ
HIGH	合法ドラッグ
HIGH	ドラッグ
HIGH	キメる
HIGH	キマる
HIGH	葉っぱ
HIGH	シャブ
HIGH	盗撮
HIGH	盗撮す
